INSERT INTO tour_products (route_name, days, departure_city, destination, max_group_size, description) VALUES
('北京-海南三亚5日游', 5, '北京', '海南三亚', 30, '经典海滨度假线路，体验阳光沙滩'),
('上海-云南大理丽江6日游', 6, '上海', '云南大理丽江', 25, '深度体验云南少数民族风情'),
('广州-泰国曼谷芭提雅5日游', 5, '广州', '泰国曼谷芭提雅', 35, '出境游经典线路，感受异域文化'),
('成都-九寨沟黄龙4日游', 4, '成都', '九寨沟黄龙', 20, '人间仙境九寨沟，童话世界黄龙'),
('杭州-普吉岛6日游', 6, '杭州', '泰国普吉岛', 30, '海岛度假，享受热带风情');

INSERT INTO daily_itineraries (product_id, day_number, title, attractions, meals, accommodation, notes) VALUES
(1, 1, '北京飞往三亚', '凤凰机场接机、椰梦长廊漫步', '晚餐', '三亚湾海景酒店', '请携带防晒用品'),
(1, 2, '蜈支洲岛一日游', '蜈支洲岛（含电瓶车环岛）', '早中晚', '三亚湾海景酒店', '建议穿泳装'),
(1, 3, '南山寺+天涯海角', '南山文化旅游区、天涯海角', '早中晚', '三亚湾海景酒店', ''),
(1, 4, '亚龙湾自由活动', '亚龙湾沙滩、免税店购物', '早晚', '三亚湾海景酒店', '自由活动日'),
(1, 5, '三亚返回北京', '酒店送机', '早餐', '无', ''),
(2, 1, '上海飞往大理', '大理古城、洋人街', '晚餐', '大理古城客栈', ''),
(2, 2, '大理环洱海', '洱海游船、双廊古镇、南诏风情岛', '早中晚', '大理古城客栈', ''),
(2, 3, '大理至丽江', '崇圣寺三塔、丽江古城', '早中晚', '丽江古城客栈', ''),
(2, 4, '玉龙雪山', '玉龙雪山（含大索道）、蓝月谷', '早中晚', '丽江古城客栈', '高海拔注意防寒'),
(2, 5, '丽江束河古镇', '束河古镇、黑龙潭公园', '早中晚', '丽江古城客栈', ''),
(2, 6, '丽江返回上海', '送机', '早餐', '无', ''),
(3, 1, '广州飞曼谷', '大皇宫、玉佛寺', '晚餐', '曼谷五星级酒店', '请带好护照'),
(3, 2, '曼谷市区游', '暹罗海洋世界、四面佛、湄南河', '早中晚', '曼谷五星级酒店', ''),
(3, 3, '曼谷至芭提雅', '真理寺、芭提雅海滩', '早中晚', '芭提雅海滨酒店', ''),
(3, 4, '芭提雅一日游', '珊瑚岛、金沙岛', '早中晚', '芭提雅海滨酒店', '水上项目自愿参加'),
(3, 5, '芭提雅返回广州', '送机', '早餐', '无', ''),
(4, 1, '成都出发至九寨沟', '沿途风光、甘海子', '中晚', '九寨沟口酒店', '高原注意休息'),
(4, 2, '九寨沟全天游览', '九寨沟风景区（树正沟、日则沟、则查洼沟）', '早中晚', '九寨沟口酒店', '景区内步行较多'),
(4, 3, '黄龙风景区', '黄龙风景区（含索道）', '早中晚', '茂县酒店', ''),
(4, 4, '返回成都', '羌族村寨、送机/送站', '早中', '无', ''),
(5, 1, '杭州飞普吉岛', '芭东海滩、夜间市场', '晚餐', '普吉岛海滨度假村', '请带好护照'),
(5, 2, '皮皮岛一日游', '皮皮岛、玛雅湾、浮潜', '早中晚', '普吉岛海滨度假村', '含浮潜装备'),
(5, 3, '普吉岛自由活动', '卡伦海滩、查龙寺', '早晚', '普吉岛海滨度假村', ''),
(5, 4, '攀牙湾一日游', '攀牙湾、007岛、划独木舟', '早中晚', '普吉岛海滨度假村', ''),
(5, 5, '皇帝岛一日游', '皇帝岛浮潜、珊瑚礁', '早中晚', '普吉岛海滨度假村', ''),
(5, 6, '普吉岛返回杭州', '送机', '早餐', '无', '');

INSERT INTO product_prices (product_id, room_type, price) VALUES
(1, '双人房', 3580.00),
(1, '三人房', 3280.00),
(1, '儿童不占床', 1880.00),
(2, '双人房', 4280.00),
(2, '三人房', 3980.00),
(2, '儿童不占床', 2180.00),
(3, '双人房', 2980.00),
(3, '三人房', 2780.00),
(3, '儿童不占床', 1480.00),
(4, '双人房', 2680.00),
(4, '三人房', 2480.00),
(4, '儿童不占床', 1280.00),
(5, '双人房', 3880.00),
(5, '三人房', 3580.00),
(5, '儿童不占床', 1980.00);

INSERT INTO tour_groups (product_id, group_code, departure_date, return_date, max_group_size, current_count, status) VALUES
(1, 'SY20250701', '2025-07-01', '2025-07-05', 30, 25, 'open'),
(1, 'SY20250715', '2025-07-15', '2025-07-19', 30, 30, 'full'),
(2, 'DL20250705', '2025-07-05', '2025-07-10', 25, 18, 'open'),
(3, 'TG20250710', '2025-07-10', '2025-07-14', 35, 35, 'full'),
(3, 'TG20250801', '2025-08-01', '2025-08-05', 35, 0, 'open'),
(4, 'JZ20250720', '2025-07-20', '2025-07-23', 20, 20, 'full'),
(4, 'JZ20250810', '2025-08-10', '2025-08-13', 20, 8, 'open'),
(5, 'PJ20250725', '2025-07-25', '2025-07-30', 30, 12, 'open');

INSERT INTO tourists (group_id, name, id_card, phone, room_type, special_requirements) VALUES
(1, '张伟', '110101199001011234', '13800138001', '双人房', ''),
(1, '王芳', '110101199202022345', '13800138002', '双人房', '素食'),
(1, '李明', '310101199303033456', '13800138003', '双人房', ''),
(1, '赵丽', '310101199404044567', '13800138004', '三人房', ''),
(1, '孙强', '440101199505055678', '13800138005', '三人房', ''),
(1, '周敏', '440101199606066789', '13800138006', '双人房', '轮椅'),
(1, '吴刚', '320101199707077890', '13800138007', '双人房', ''),
(1, '郑雪', '320101199808088901', '13800138008', '三人房', '素食'),
(1, '陈晓', '510101199909099012', '13800138009', '双人房', ''),
(1, '林峰', '510101200010010123', '13800138010', '双人房', ''),
(1, '黄丽华', '330101198512121234', '13800138011', '三人房', ''),
(1, '杨建军', '330101198713132345', '13800138012', '双人房', ''),
(1, '何小梅', '420101198914143456', '13800138013', '儿童不占床', ''),
(1, '刘大伟', '420101199115154567', '13800138014', '双人房', ''),
(1, '马秀英', '210101199316165678', '13800138015', '三人房', '素食'),
(1, '朱志强', '210101199517176789', '13800138016', '双人房', ''),
(1, '胡美玲', '610101199718187890', '13800138017', '双人房', ''),
(1, '高国庆', '610101199919198901', '13800138018', '三人房', ''),
(1, '罗晓东', '500101198220209012', '13800138019', '双人房', ''),
(1, '谢丽萍', '500101198421210123', '13800138020', '双人房', '素食'),
(1, '韩冰', '230101198622221234', '13800138021', '三人房', ''),
(1, '唐明', '230101198823232345', '13800138022', '双人房', ''),
(1, '冯娟', '370101199024243456', '13800138023', '双人房', ''),
(1, '董伟', '370101199225254567', '13800138024', '儿童不占床', ''),
(1, '萧红', '340101199426265678', '13800138025', '双人房', '轮椅'),
(2, '田静', '110102198801011234', '13900139001', '双人房', ''),
(2, '余刚', '110102198902022345', '13900139002', '双人房', ''),
(2, '潘丽', '310102199003033456', '13900139003', '三人房', ''),
(2, '蒋明', '310102199104044567', '13900139004', '双人房', '素食'),
(2, '蔡华', '440102199205055678', '13900139005', '双人房', ''),
(2, '贾玲', '440102199306066789', '13900139006', '三人房', ''),
(2, '夏天', '320102199407077890', '13900139007', '双人房', ''),
(2, '钟伟', '320102199508088901', '13900139008', '双人房', ''),
(2, '彭红', '510102199609099012', '13900139009', '儿童不占床', ''),
(2, '崔亮', '510102199710010123', '13900139010', '双人房', ''),
(2, '任飞', '330102199811111234', '13900139011', '双人房', ''),
(2, '袁媛', '330102199912122345', '13900139012', '三人房', ''),
(2, '廖波', '420102200013133456', '13900139013', '双人房', ''),
(2, '姚琳', '420102200114144567', '13900139014', '双人房', ''),
(2, '陆涛', '210102200215155678', '13900139015', '三人房', ''),
(2, '苏梅', '210102200316166789', '13900139016', '双人房', '素食'),
(2, '魏强', '610102200417177890', '13900139017', '双人房', ''),
(2, '薛娇', '610102200518188901', '13900139018', '儿童不占床', ''),
(2, '秦勇', '500102200619199012', '13900139019', '双人房', ''),
(2, '叶萍', '500102200720200123', '13900139020', '双人房', ''),
(2, '许峰', '230102200821211234', '13900139021', '三人房', ''),
(2, '方圆', '230102200922222345', '13900139022', '双人房', ''),
(2, '邹鹏', '370102201023233456', '13900139023', '双人房', ''),
(2, '熊英', '370102201124244567', '13900139024', '双人房', '轮椅'),
(2, '石磊', '340102201225255678', '13900139025', '三人房', ''),
(2, '金鑫', '340102201326266789', '13900139026', '双人房', ''),
(2, '丁莹', '120102201427277890', '13900139027', '双人房', ''),
(2, '侯杰', '120102201528288901', '13900139028', '儿童不占床', ''),
(2, '白露', '130102201629299012', '13900139029', '双人房', '素食'),
(2, '邓超', '130102201730300123', '13900139030', '双人房', ''),
(3, '陈志远', '310103198501011234', '13700137001', '双人房', ''),
(3, '林小琴', '310103198602022345', '13700137002', '双人房', ''),
(3, '张大海', '440103198703033456', '13700137003', '三人房', ''),
(3, '李秀兰', '440103198804044567', '13700137004', '双人房', '素食'),
(3, '王建国', '320103198905055678', '13700137005', '双人房', ''),
(3, '赵美华', '320103199006066789', '13700137006', '三人房', ''),
(3, '孙丽娟', '510103199107077890', '13700137007', '双人房', ''),
(3, '周大伟', '510103199208088901', '13700137008', '双人房', ''),
(3, '吴晓峰', '330103199309099012', '13700137009', '儿童不占床', ''),
(3, '郑秀英', '330103199410010123', '13700137010', '双人房', ''),
(3, '黄明辉', '420103199511111234', '13700137011', '双人房', ''),
(3, '杨丽萍', '420103199612122345', '13700137012', '三人房', ''),
(3, '何建军', '210103199713133456', '13700137013', '双人房', ''),
(3, '刘晓燕', '210103199814144567', '13700137014', '双人房', '轮椅'),
(3, '马志刚', '610103199915155678', '13700137015', '三人房', ''),
(3, '朱秀梅', '610103200016166789', '13700137016', '双人房', ''),
(3, '胡大勇', '500103200117177890', '13700137017', '双人房', ''),
(3, '高美玲', '500103200218188901', '13700137018', '儿童不占床', ''),
(4, '罗晓东', '110104198101011234', '13600136001', '双人房', ''),
(4, '谢丽华', '110104198202022345', '13600136002', '双人房', ''),
(4, '韩冰洁', '310104198303033456', '13600136003', '三人房', '素食'),
(4, '唐明远', '310104198404044567', '13600136004', '双人房', ''),
(4, '冯丽萍', '440104198505055678', '13600136005', '双人房', ''),
(4, '董伟明', '440104198606066789', '13600136006', '三人房', ''),
(4, '萧红梅', '320104198707077890', '13600136007', '双人房', ''),
(4, '田静雯', '320104198808088901', '13600136008', '双人房', '轮椅'),
(4, '余刚强', '510104198909099012', '13600136009', '儿童不占床', ''),
(4, '潘丽华', '510104199010010123', '13600136010', '双人房', ''),
(4, '蒋明辉', '330104199111111234', '13600136011', '双人房', ''),
(4, '蔡华清', '330104199212122345', '13600136012', '三人房', ''),
(4, '贾玲玲', '420104199313133456', '13600136013', '双人房', ''),
(4, '夏天明', '420104199414144567', '13600136014', '双人房', '素食'),
(4, '钟伟杰', '210104199515155678', '13600136015', '双人房', ''),
(4, '彭红艳', '210104199616166789', '13600136016', '三人房', ''),
(4, '崔亮宇', '610104199717177890', '13600136017', '双人房', ''),
(4, '任飞燕', '610104199818188901', '13600136018', '双人房', ''),
(4, '袁媛媛', '500104199919199012', '13600136019', '儿童不占床', ''),
(4, '廖波涛', '500104200020200123', '13600136020', '双人房', ''),
(7, '陈小红', '510105198301011234', '13500135001', '双人房', ''),
(7, '张大壮', '510105198402022345', '13500135002', '双人房', ''),
(7, '李美玲', '510105198503033456', '13500135003', '三人房', ''),
(7, '王建军', '510105198604044567', '13500135004', '双人房', '素食'),
(7, '赵丽华', '510105198705055678', '13500135005', '双人房', ''),
(7, '孙大伟', '510105198806066789', '13500135006', '三人房', ''),
(7, '周秀英', '510105198907077890', '13500135007', '双人房', ''),
(7, '吴晓峰', '510105199008088901', '13500135008', '双人房', '轮椅'),
(8, '林小凤', '330106199001011234', '13400134001', '双人房', ''),
(8, '黄明华', '330106199102022345', '13400134002', '双人房', ''),
(8, '杨建军', '330106199203033456', '13400134003', '三人房', '素食'),
(8, '何小梅', '330106199304044567', '13400134004', '双人房', ''),
(8, '刘大伟', '330106199405055678', '13400134005', '双人房', ''),
(8, '马秀英', '330106199506066789', '13400134006', '三人房', ''),
(8, '朱志强', '330106199607077890', '13400134007', '双人房', ''),
(8, '胡美玲', '330106199708088901', '13400134008', '双人房', ''),
(8, '高国庆', '330106199809099012', '13400134009', '双人房', '素食'),
(8, '罗晓东', '330106199910010123', '13400134010', '双人房', ''),
(8, '谢丽萍', '330106200011111234', '13400134011', '儿童不占床', ''),
(8, '韩冰', '330106200112122345', '13400134012', '双人房', '');

INSERT INTO flight_bookings (group_id, flight_no, seat_count, seat_price, total_cost, notes) VALUES
(1, 'CA1357', 30, 1280.00, 38400.00, '北京-三亚 去程'),
(1, 'CA1358', 30, 1280.00, 38400.00, '三亚-北京 回程'),
(2, 'CZ6721', 30, 1350.00, 40500.00, '北京-三亚 去程'),
(2, 'CZ6722', 30, 1350.00, 40500.00, '三亚-北京 回程'),
(3, 'MU5137', 25, 1560.00, 39000.00, '上海-大理 去程'),
(3, 'MU5138', 25, 1560.00, 39000.00, '丽江-上海 回程'),
(4, 'TG667', 35, 1680.00, 58800.00, '广州-曼谷 去程'),
(4, 'TG668', 35, 1680.00, 58800.00, '芭提雅-广州 回程'),
(6, 'CA4401', 20, 980.00, 19600.00, '成都-九寨沟 去程'),
(6, 'CA4402', 20, 980.00, 19600.00, '九寨沟-成都 回程'),
(7, 'CA4403', 20, 1050.00, 21000.00, '成都-九寨沟 去程'),
(7, 'CA4404', 20, 1050.00, 21000.00, '九寨沟-成都 回程'),
(8, 'CZ8355', 30, 1480.00, 44400.00, '杭州-普吉岛 去程'),
(8, 'CZ8356', 30, 1480.00, 44400.00, '普吉岛-杭州 回程');

INSERT INTO hotel_bookings (group_id, hotel_name, room_type, room_count, checkin_date, checkout_date, room_price, total_cost, notes) VALUES
(1, '三亚湾海景酒店', '双人房', 12, '2025-07-01', '2025-07-05', 380.00, 18240.00, '含早'),
(1, '三亚湾海景酒店', '三人房', 4, '2025-07-01', '2025-07-05', 420.00, 6720.00, '含早'),
(2, '三亚湾海景酒店', '双人房', 13, '2025-07-15', '2025-07-19', 400.00, 20800.00, '含早，暑期价格'),
(2, '三亚湾海景酒店', '三人房', 5, '2025-07-15', '2025-07-19', 450.00, 9000.00, '含早，暑期价格'),
(3, '大理古城客栈', '双人房', 9, '2025-07-05', '2025-07-10', 280.00, 12600.00, '含早'),
(3, '大理古城客栈', '三人房', 4, '2025-07-05', '2025-07-10', 320.00, 6400.00, '含早'),
(3, '丽江古城客栈', '双人房', 9, '2025-07-07', '2025-07-10', 300.00, 8100.00, '含早'),
(3, '丽江古城客栈', '三人房', 4, '2025-07-07', '2025-07-10', 350.00, 4200.00, '含早'),
(4, '曼谷五星级酒店', '双人房', 16, '2025-07-10', '2025-07-12', 520.00, 16640.00, '含早'),
(4, '曼谷五星级酒店', '三人房', 3, '2025-07-10', '2025-07-12', 580.00, 3480.00, '含早'),
(4, '芭提雅海滨酒店', '双人房', 16, '2025-07-12', '2025-07-14', 480.00, 15360.00, '含早'),
(4, '芭提雅海滨酒店', '三人房', 3, '2025-07-12', '2025-07-14', 540.00, 3240.00, '含早'),
(6, '九寨沟口酒店', '双人房', 9, '2025-07-20', '2025-07-22', 450.00, 8100.00, '含早'),
(6, '九寨沟口酒店', '三人房', 3, '2025-07-20', '2025-07-22', 500.00, 3000.00, '含早'),
(6, '茂县酒店', '双人房', 9, '2025-07-22', '2025-07-23', 280.00, 2520.00, '含早'),
(6, '茂县酒店', '三人房', 3, '2025-07-22', '2025-07-23', 320.00, 960.00, '含早'),
(7, '九寨沟口酒店', '双人房', 4, '2025-08-10', '2025-08-12', 420.00, 3360.00, '含早'),
(7, '九寨沟口酒店', '三人房', 2, '2025-08-10', '2025-08-12', 480.00, 1920.00, '含早'),
(7, '茂县酒店', '双人房', 4, '2025-08-12', '2025-08-13', 260.00, 1040.00, '含早'),
(7, '茂县酒店', '三人房', 2, '2025-08-12', '2025-08-13', 300.00, 600.00, '含早'),
(8, '普吉岛海滨度假村', '双人房', 6, '2025-07-25', '2025-07-30', 580.00, 17400.00, '含早'),
(8, '普吉岛海滨度假村', '三人房', 3, '2025-07-25', '2025-07-30', 620.00, 9300.00, '含早');

INSERT INTO local_agency_bookings (group_id, agency_name, guide_name, vehicle_info, meal_info, total_cost, notes) VALUES
(1, '三亚阳光旅行社', '符小海', '33座旅游大巴一辆', '4早7正，正餐50元/人', 18000.00, '含景点门票'),
(2, '三亚阳光旅行社', '陈大海', '33座旅游大巴一辆', '4早7正，正餐55元/人', 19500.00, '含景点门票，暑期'),
(3, '大理风花雪月旅行社', '阿鹏哥', '22座中巴一辆', '5早9正，正餐40元/人', 15000.00, '含景点门票及索道'),
(4, '泰国微笑旅游公司', 'Somsak', '45座大巴一辆', '4早7正，正餐60元/人', 32000.00, '含景点门票，中文导游'),
(6, '九寨沟天堂旅行社', '卓玛', '22座中巴一辆', '3早5正，正餐45元/人', 12000.00, '含九寨沟及黄龙门票'),
(7, '九寨沟天堂旅行社', '扎西', '22座中巴一辆', '3早5正，正餐45元/人', 8500.00, '含九寨沟及黄龙门票'),
(8, '普吉岛海岛旅行社', 'Nok', '33座旅游大巴一辆', '5早9正，正餐55元/人', 22000.00, '含景点门票及船票');
